hotelId,aveHelpfulnessRatioUser,stdevHelpfulnessRatioUser,pcReviewsExceedMinHelpfulnessSupport,numReviewsUser,numReviewsHotel,ratingUser,numberSubRatingsUser,subRatingMeanUser,subRatingStdevUser,aveRatingUser,stdevRatingUser,aveRatingHotel,stdevRatingHotel,completeness_1,completeness_2,completeness_3,numberTermsEntry,percentageAlphaCharsEntry,fractionUpperCaseCharsEntry,fractionYouVsIEntry,numberTermsSummaryQuote,percentageAlphaCharsSummaryQuote,fractionUpperCaseCharsSummaryQuote,reviewHelpfulness
17420,1,0,0.666667,3,16,5,4,4,0,4.333333,0.57735,4.5,1.032796,2,0,1,182,0.788474,0.025703,0.5,6,0.815789,0.096774,1
1397,0.772487,0.377321,0.5,12,233,5,0,0,0,4.333333,0.887625,4.467811,1.09073,2,0,0,158,0.791888,0.012594,0.5,1,1,0.083333,1
1348,0.715473,0.300437,0.833333,12,302,4,7,3.714286,0.755929,4.166667,0.937437,4.145695,1.046414,5,0,3,59,0.799639,0.024831,0.333333,4,0.828571,0.034483,0
5940,0.52125,0.481675,0.222222,36,6,1,4,1,0,3.527778,0.9706,2.333333,1.505545,2,0,0,95,0.782212,0.029155,0.5,2,0.8,0.0625,0
38,0.603175,0.246926,1,2,271,3,0,0,0,3.5,0.707107,3.656827,1.312454,0,0,0,43,0.805128,0.028662,0,1,1,0.142857,0
105,0.571429,0,1,1,258,5,4,5,0,5,0,4.484496,0.951014,2,0,1,59,0.800774,0.036232,0,2,0.909091,0.15,0
376,0.833333,0,1,1,353,3,4,3,0.816497,3,0,3.898017,1.227443,2,0,0,46,0.752083,0.024931,0,2,0.9,0.074074,1
376,0.777778,0.31427,1,2,353,4,0,0,0,4.5,0.707107,3.898017,1.227443,0,0,0,0,0,0,0,3,0.866667,1,0
12272,0.690559,0.461413,0.294118,17,39,4,0,0,0,4.176471,0.882843,3.820513,1.430344,2,0,0,90,0.802239,0.035659,0,3,0.888889,0.041667,1
208,0.392857,0.151523,0.5,2,184,1,6,1.833333,0.408248,3,2.828427,4.434783,1.074334,5,2,3,238,0.770301,0.025626,0.6,6,0.862745,0,0
28,0.833333,0,1,1,207,1,0,0,0,1,0,2.468599,1.302622,0,0,0,0,0,0,0,2,0.928571,0,1
1821,0.933242,0.152192,0.470588,17,120,4,4,3.5,0.57735,3.705882,0.848875,4.25,0.872069,2,0,0,93,0.766892,0.030837,0.333333,2,0.857143,0.166667,1
2771,0.6375,0.483103,0.1,20,63,5,7,5,0,4.1,0.967906,4.095238,0.755929,5,2,3,132,0.785139,0.022805,0.5,2,0.9,0.111111,1
27867,0.942308,0.118754,0.769231,13,13,4,4,4.25,0.957427,3.615385,0.960769,2.615385,1.502135,2,0,1,252,0.787989,0.018926,0.75,7,0.821429,0.021739,1
2313,0.553535,0.433292,0.266667,15,7,5,4,5,0,2.666667,1.447494,3.285714,2.13809,2,0,1,48,0.797826,0.013624,0,4,0.821429,0.130435,1
10645,0.790249,0.289096,0.529412,17,125,5,4,5,0,3.764706,1.20049,4.768,0.525725,2,0,1,0,0,0,0,2,0.875,0.142857,1
11141,0.867003,0.147552,0.842424,165,15,4,7,4,1,4.29697,0.912142,3.133333,0.99043,5,2,3,186,0.791736,0.045839,0,2,0.642857,0.111111,1
3214,0.666667,0.516398,0.166667,6,1296,5,6,4.5,0.83666,3.5,1.224745,4.194444,1.157484,5,2,4,510,0.780531,0.044382,0.40625,5,0.8,0.194444,1
19399,0.776667,0.337035,0.4,10,12,3,7,3,0.57735,4,1.333333,3.5,1.314257,5,0,2,76,0.804941,0.017771,0.5,3,0.789474,0,0
11087,0.867003,0.147552,0.842424,165,66,5,7,4.857143,0.377964,4.29697,0.912142,3.272727,1.183807,5,2,3,165,0.801923,0.022382,1,2,0.882353,0,1
129,0.613889,0.432103,0.333333,6,222,4,0,0,0,4.166667,1.602082,3.234234,1.247295,0,0,0,162,0.791026,0.04376,1,3,0.90625,0.034483,1
2858,0.63981,0.384904,0.304348,46,484,4,6,4.166667,0.408248,3.521739,0.960072,4.56405,0.827847,5,2,3,96,0.763575,0.048889,0,4,0.888889,0.03125,0
14528,1,0,0.5,6,257,5,0,0,0,4.5,0.547723,4.252918,1.058006,2,0,0,321,0.784684,0.035011,0.4,2,0.857143,0.083333,1
127,0.479167,0.206239,0.5,2,259,5,0,0,0,4,1.414214,3.899614,1.153676,0,0,0,50,0.778781,0.055072,1,3,0.894737,0.176471,0
379,0.754125,0.374784,0.333333,33,1345,4,7,3.714286,1.112697,3.515152,1.202113,4.613383,0.768114,4,2,4,186,0.775872,0.070884,0.4,4,0.810811,0.033333,1
2043,0.693478,0.445367,0.26087,23,446,5,6,4.833333,0.408248,3.913043,0.900154,4.026906,1.204558,5,2,3,258,0.796273,0.035638,0.25,6,0.866667,0.153846,1
20276,0.798039,0.352379,0.264706,34,2,2,5,3.2,0.83666,3.764706,1.102582,3.5,2.12132,5,2,4,79,0.775988,0.030189,0.25,2,0.916667,0.181818,1
7280,0.691429,0.419621,0.4,5,132,5,4,4.5,0.57735,4.2,1.30384,3.310606,1.230233,2,0,1,29,0.793651,0.025,1,3,0.791667,0.052632,0
18284,0.673479,0.417617,0.423077,52,16,4,2,4.5,0.707107,3.769231,1.021636,4.1875,1.108678,2,0,1,55,0.788785,0.018957,0,3,0.888889,0.0625,1
314,0.958333,0.083333,0.5,4,234,5,6,5,0,4,2,4.273504,1.028553,5,2,4,76,0.778065,0.034826,0.666667,4,0.83871,0.153846,1
1255,0.74339,0.360796,0.465116,43,119,3,4,3.25,0.5,3.674419,0.865226,3,1.200282,2,0,1,187,0.773517,0.02866,0,7,0.82,0.02439,0
13794,0.958333,0.117851,0.5,8,132,4,0,0,0,3.75,0.886405,3.939394,1.157502,0,0,0,210,0.792677,0.027977,0.8,2,0.944444,0.117647,1
14073,0.832055,0.31872,0.296296,27,120,4,7,3.857143,0.377964,3.407407,0.693889,3.608333,1.023225,5,0,3,89,0.786571,0.042683,0.4,5,0.861111,0.032258,1
132,0.571429,0,1,1,426,1,7,1.428571,1.133893,1,0,4.600939,0.809008,5,2,3,106,0.795775,0.021492,0,7,0.833333,0.25,0
3525,0.68232,0.415599,0.324324,37,100,3,0,0,0,3.459459,0.930788,3.67,1.128644,0,0,0,71,0.759547,0.027933,0.285714,4,0.736842,0.071429,1
2963,0.969301,0.085718,0.708333,24,207,4,7,4.285714,0.48795,3.541667,0.72106,4.125604,1.011426,5,2,4,160,0.773749,0.044986,0.2,3,0.818182,0.277778,1
2630,0.661073,0.414025,0.65,20,38,4,0,0,0,3.55,1.145931,3.263158,1.200995,0,0,0,90,0.766746,0.017161,0,2,0.866667,0.230769,1
164,0.833333,0,1,1,295,5,0,0,0,5,0,3.715254,1.198186,0,0,0,67,0.77619,0.0409,0,1,0.777778,0.142857,1
19973,0.814815,0.400103,0.5,6,206,3,6,2.666667,0.516398,3.166667,1.169045,3.412621,1.241414,5,0,4,817,0.771521,0.032982,0.729167,3,0.78125,0.04,1
1023,0.85,0.33541,0.6,5,741,4,0,0,0,3.2,1.30384,3.932524,1.234978,0,0,0,104,0.782167,0.017316,0.8,4,0.833333,0.05,1
1056,0.777778,0,1,1,107,5,0,0,0,5,0,4.411215,0.823628,0,0,0,147,0.800147,0.019355,0.333333,2,0.842105,0.1875,1
19837,0.4,0.547723,0.4,5,108,3,4,2.5,0.57735,3.4,0.547723,3.601852,1.013367,2,0,1,433,0.773669,0.01912,0.125,2,0.888889,0.0625,1
6118,0.708333,0.396481,0.166667,12,356,3,4,4,0.816497,4.083333,1.240112,3.848315,1.077045,2,0,0,175,0.779078,0.031802,0.5,4,0.8,0,1
22105,0.768011,0.340636,0.5,24,92,2,4,1.5,0.57735,4.208333,0.883627,3.358696,1.236634,2,0,1,110,0.772455,0.029716,0,5,0.84,0.047619,0
17585,0.503312,0.42767,0.5,12,5,1,0,0,0,3.083333,1.083625,1.8,1.30384,0,0,0,20,0.798742,0.007874,0,3,0.857143,0.25,1
842,0.851786,0.212162,0.5,4,58,4,0,0,0,4.25,0.5,3.965517,1.008134,0,0,0,0,0,0,0,2,0.933333,0.142857,0
14626,0.392548,0.432297,0.20155,129,39,5,4,4.5,0.57735,4.178295,1.056598,2.923077,1.475852,2,0,1,9,0.75,0.035088,0,6,0.825,0.181818,0
2163,0.794587,0.377754,0.416667,12,26,5,0,0,0,4,0.953463,4.653846,0.745241,0,0,0,96,0.80072,0.031484,0,5,0.785714,0.227273,1
176,0.81746,0.168919,0.666667,3,340,3,0,0,0,3.333333,0.57735,3.958824,1.096284,0,0,0,92,0.767357,0.022222,0.285714,2,0.913043,0.047619,0
943,0.673565,0.377441,0.423077,26,648,4,0,0,0,3.807692,0.800961,4.064815,1.184181,2,0,0,231,0.79146,0.025094,0.285714,3,0.678571,0.052632,0
255,0.89133,0.190383,0.470588,68,281,3,6,4.166667,0.983192,3.573529,1.23767,3.24911,1.397143,5,2,4,51,0.774468,0.021978,0,8,0.740741,0.025,0
3276,0.4,0.52915,0.333333,3,128,2,6,2.166667,1.169045,3.666667,1.527525,4.492188,0.687299,5,2,3,78,0.796634,0.033451,0,2,0.888889,0.0625,0
489,0.721429,0.111117,1,2,331,5,6,4,0,3.5,2.12132,3.694864,1.262731,5,0,2,118,0.791627,0.026442,0,3,0.875,0.142857,0
1864,0.357143,0.338397,0.25,8,399,3,7,3.285714,0.48795,4,0.534522,4.295739,1.028614,5,2,3,163,0.780071,0.02646,0.25,6,0.788462,0.02439,0
12119,0.930612,0.094555,0.857143,7,132,5,4,4.75,0.5,4.285714,1.112697,4.090909,1.087434,2,0,1,143,0.779259,0.013308,0.666667,2,0.68,0.176471,1
4318,0.836469,0.199371,0.952381,21,99,5,4,4.75,0.5,3.190476,1.364516,3.070707,1.451618,2,0,1,112,0.774194,0.027778,0,2,0.772727,0.058824,1
7484,0.816708,0.122799,0.857143,7,8,4,4,4.25,0.957427,3.857143,0.377964,3.75,1.752549,2,0,1,90,0.808962,0.016035,1,4,0.851852,0.130435,1
5717,0.650123,0.363775,0.285714,21,30,3,0,0,0,3.666667,0.856349,3.333333,1.422318,0,0,0,45,0.799511,0.042813,0,4,0.869565,0.1,1
8906,0.559027,0.453004,0.275862,58,36,5,0,0,0,4.137931,0.867509,4.444444,1.02663,0,0,0,37,0.780423,0.050847,1,3,0.875,0.142857,1
371,0.776796,0.306077,0.363636,22,283,4,4,3.5,0.57735,3.454545,1.010765,3.632509,1.279657,2,0,1,148,0.792173,0.028961,1,1,0.875,0.285714,0
444,0.928571,0.101015,0.5,2,194,5,7,5,0,4,1.414214,4.226804,0.921872,5,2,3,19,0.770408,0.02649,0,2,0.894737,0.117647,1
14261,0.689731,0.404133,0.372881,59,62,5,4,5,0,4.152542,1.215043,4.129032,0.999736,2,0,1,0,0,0,0,2,0.758621,0.045455,1
7893,0.545397,0.473044,0.333333,15,7,3,0,0,0,3.866667,0.833809,2.571429,0.9759,2,0,0,94,0.765178,0.026946,0,5,0.789474,0.233333,1
3438,0.584556,0.357351,0.473684,19,118,5,0,0,0,3.578947,1.261207,4.347458,1.04903,0,0,0,0,0,0,0,6,0.883721,0.026316,0
13540,0.709546,0.361094,0.421053,19,5,2,7,1.857143,1.46385,3.421053,1.426565,3,1,5,2,3,487,0.780698,0.049042,0.428571,3,0.9,0.111111,1
273,0.877778,0.187577,0.857143,7,262,5,0,0,0,4.285714,1.496026,2.561069,1.470688,0,0,0,46,0.781903,0.041543,0,1,0.423077,0.090909,0
450,0.555556,0.521157,0.285714,7,103,5,7,5,0,3,1.154701,4.174757,1.1152,5,2,3,197,0.761114,0.021816,0.166667,3,0.592593,0.0625,1
340,0.698336,0.361573,0.55,20,41,4,0,0,0,4,0.725476,3.853659,1.130508,0,0,0,0,0,0,0,4,0.848485,0.035714,1
6489,0.828588,0.312393,0.641304,92,64,3,0,0,0,4.01087,1.208892,3.859375,0.989904,0,0,0,54,0.793296,0.032864,0.75,2,0.857143,0.111111,1
8755,0.568095,0.449553,0.114286,35,116,3,7,3.571429,1.397276,3.714286,1.045197,4.086207,1.161476,5,2,3,137,0.777861,0.029042,0.222222,3,0.878788,0.068966,0
15233,0.744232,0.374028,0.384615,26,166,4,7,4.285714,0.48795,4.346154,1.093336,4.222892,0.83395,5,2,4,87,0.793953,0.021157,0.333333,2,0.823529,0.142857,1
277,0.582143,0.166675,1,2,102,3,0,0,0,4,1.414214,4.196078,0.890424,0,0,0,0,0,0,0,3,0.8,0.166667,0
885,0.7,0.476095,0.5,4,111,3,4,2.75,0.5,3.75,0.5,2.972973,1.216997,2,0,1,229,0.779052,0.033291,0.6,3,0.772727,0.058824,1
17827,0.843915,0.312605,0.190476,21,29,4,4,4.5,0.57735,3.952381,1.023533,4.551724,0.783135,2,0,1,34,0.76,0.038278,0.2,2,0.8,0,1
3091,0.516667,0.474342,0.4,10,1967,4,0,0,0,3.9,0.567646,4.299949,1.084673,0,0,0,312,0.780571,0.024369,0.888889,6,0.824561,0.042553,1
25227,0.75463,0.316235,0.333333,12,26,3,4,4.25,0.5,4,1.044466,3.461538,1.33359,2,0,1,67,0.805766,0.016949,0,5,0.878049,0.027778,1
2029,0.84375,0.1875,1,4,198,5,6,5,0,5,0,4.444444,0.952925,4,1,3,93,0.783042,0.044586,0.5,2,0.941176,0.125,0
19562,0.901313,0.13138,0.714286,14,139,4,6,4.333333,0.516398,3.571429,0.937614,4.597122,0.729497,5,2,2,102,0.789416,0.011173,1,2,0.9,0.222222,1
480,0.734921,0.142566,1,3,353,1,4,1,0,2.333333,1.527525,2.441926,1.298009,2,0,0,115,0.788386,0.021223,0.222222,2,0.8,0.125,1
11344,0.883333,0.214735,0.833333,6,27,1,4,3,0,3.166667,1.722401,3.592593,1.30853,2,0,0,227,0.786008,0.028505,0.375,4,0.878788,0.068966,1
230,0.75202,0.386168,0.5,18,1899,4,5,4.4,0.894427,3.833333,0.785905,3.516588,1.208991,5,2,4,207,0.775696,0.021962,0.5,3,0.8125,0.076923,1
75,1,0,1,1,177,4,4,3.5,0.57735,4,0,3.932203,1.063833,2,0,1,214,0.772935,0.02623,0.75,2,0.888889,0.125,1
5793,0.657003,0.400353,0.529412,17,46,4,4,3.25,0.5,4.176471,0.727607,3.521739,1.110338,2,0,1,0,0,0,0,2,0.928571,0.076923,0
12225,0.702115,0.419548,0.348148,135,75,5,7,4.857143,0.377964,4.02963,1.119306,4.373333,0.69308,5,2,3,95,0.782025,0.021136,0.75,5,0.860465,0.027027,1
5636,0.773796,0.368099,0.274194,62,143,4,4,4.75,0.5,3.580645,1.017041,3.832168,1.156647,2,0,1,81,0.808642,0.016794,0,2,0.923077,0.041667,0
12018,0.839718,0.250373,0.625,24,80,3,6,2.5,1.048809,3.208333,0.977093,4.45,0.898663,5,2,2,136,0.78464,0.036327,0,3,0.882353,0.1,0
20217,0.392548,0.432297,0.20155,129,174,3,4,3.25,0.5,4.178295,1.056598,3.563218,1.119467,2,0,1,46,0.775656,0.027692,0.333333,4,0.888889,0.166667,0
403,0.505882,0.497806,0.176471,17,126,4,0,0,0,4.176471,0.808957,3.68254,1.17746,0,0,0,407,0.793791,0.028705,0.035714,6,0.87234,0.073171,1
67,0.6875,0.441942,1,2,598,2,7,2.142857,1.069045,3.5,2.12132,3.553512,1.213953,5,2,3,210,0.777661,0.021578,0.833333,7,0.791667,0.078947,0
20093,0.835492,0.31519,0.4,20,113,5,7,5,0,4.5,0.760886,4.256637,1.006929,5,2,4,131,0.76898,0.035032,0.8,2,0.857143,0.083333,1
707,0.8,0.447214,0.2,5,324,5,7,4.857143,0.377964,5,0,4.138889,1.183935,5,2,4,265,0.781551,0.024678,0.5,2,0.904762,0.105263,1
395,0.748889,0.413894,0.6,10,1281,4,0,0,0,3.7,0.948683,4.20765,1.151346,0,0,0,146,0.792603,0.032937,0.375,3,0.84375,0.037037,1
217,0.73457,0.26414,0.7,20,315,4,0,0,0,3.65,0.988087,4.15873,1.079726,0,0,0,16,0.794118,0.014815,1,4,0.805556,0.068966,0
3951,0.4,0.339116,0.25,4,24,1,2,2,1.414214,3.5,1.732051,2.791667,1.53167,5,2,3,51,0.753333,0.032448,0,2,0.833333,0.05,0
15908,0.440656,0.43035,0.375,16,102,5,7,4.571429,0.786796,3.5625,1.41274,4.509804,1.012253,5,2,4,67,0.796825,0.02988,0,4,0.875,0.028571,1
4383,0.67069,0.435108,0.344828,29,184,5,0,0,0,3.275862,1.221725,3.782609,1.345513,0,0,0,276,0.769388,0.029708,1,4,0.885714,0.032258,1
5212,0.564444,0.489325,0.2,15,625,5,7,4.714286,0.48795,3.6,1.121224,4.6656,0.72181,5,2,3,272,0.786286,0.047481,0.625,9,0.75,0.088889,0
7330,0.856481,0.327495,0.333333,9,103,3,4,2.5,0.57735,3.222222,0.971825,4.116505,0.74493,2,0,0,0,0,0,0,4,0.833333,0.2,1
1081,0.746397,0.287766,0.352941,17,289,4,4,3.5,1.290994,3.352941,1.271868,3.899654,1.288423,2,0,1,239,0.784917,0.022172,0.285714,3,0.875,0.107143,0
6652,0.862862,0.178195,0.666667,6,436,3,0,0,0,3.666667,0.816497,3.364679,1.299882,0,0,0,226,0.788235,0.03403,0.6,4,0.777778,0.071429,0
447,0.641379,0.224324,1,2,140,4,6,4.666667,0.516398,3,1.414214,4.221429,0.967589,5,2,4,144,0.77028,0.019571,0,5,0.857143,0.033333,0
7585,0.926655,0.147499,0.413793,29,118,4,4,3.5,1.732051,3.793103,1.081643,3.152542,1.285203,2,0,1,173,0.779091,0.02476,0.25,4,0.846154,0.060606,1
3552,0.796346,0.194843,0.72,25,45,4,4,4.25,0.5,4.16,1.067708,4.044444,0.975974,2,0,1,0,0,0,0,3,0.851852,0.130435,1
6220,0.904433,0.112417,0.857143,7,7,4,0,0,0,4.428571,0.534522,4.571429,0.534522,0,0,0,155,0.76158,0.039356,0.2,3,0.775,0.064516,1
3551,0.796346,0.194843,0.72,25,25,4,4,4,0,4.16,1.067708,3.96,0.840635,2,0,1,40,0.768025,0.044898,0,4,0.826087,0.210526,0
7214,0.939952,0.103517,0.454545,11,134,4,5,3.6,0.547723,4.181818,0.750757,3.402985,1.195979,5,2,4,104,0.78564,0.025166,0.6,2,0.9,0.074074,1
489,0.857143,0,1,1,331,5,0,0,0,5,0,3.694864,1.262731,0,0,0,346,0.784369,0.035614,0.181818,2,0.882353,0.133333,1
5195,0.951587,0.07486,0.571429,7,203,5,4,4.75,0.5,4.142857,1.069045,3.955665,1.174399,2,0,1,135,0.789943,0.017454,0.333333,3,0.842105,0.125,1
5691,0.693994,0.363657,0.625,16,24,5,0,0,0,3.625,1.627882,4.166667,1.274044,0,0,0,104,0.786504,0.063291,0,3,0.794118,0.148148,1
26497,0.60119,0.435583,0.428571,7,20,5,4,5,0,2.857143,1.772811,4.35,1.348488,2,0,0,131,0.791874,0.040838,1,6,0.851064,0.1,1
22234,0.85972,0.189933,0.785714,14,87,4,0,0,0,3.785714,1.251373,3.827586,1.231438,0,0,0,0,0,0,0,3,0.888889,0.1875,1
3934,0.432401,0.498983,0.363636,11,214,4,4,3.5,0.57735,4.181818,0.750757,3.060748,1.321918,2,0,1,152,0.776325,0.024322,1,2,0.823529,0.142857,1
25465,0.75,0.46291,0.25,8,73,4,0,0,0,4.5,0.534522,3.739726,1.258608,0,0,0,162,0.792267,0.023987,0.8,7,0.787234,0.081081,1
705,0.754762,0.3649,0.47619,21,1697,4,0,0,0,3.285714,1.101946,3.929876,1.100133,0,0,0,80,0.786908,0.040708,1,4,0.806452,0.08,1
1126,0.798535,0.294406,0.153846,13,65,3,4,3.25,1.258306,4,0.707107,4.4,1.115235,2,0,1,238,0.769653,0.033848,0.75,4,0.780488,0.03125,0
22774,0.727961,0.34742,0.471698,53,34,5,4,5,0,3.830189,1.236245,4.5,0.662868,2,0,1,0,0,0,0,3,0.833333,0.2,1
885,0.451648,0.439327,0.6,5,111,2,0,0,0,3.2,0.83666,2.972973,1.216997,0,0,0,0,0,0,0,2,0.666667,0.083333,0
12023,0.63981,0.384904,0.304348,46,333,1,6,1.5,0.83666,3.521739,0.960072,4.084084,0.934038,5,2,3,80,0.754386,0.019027,1,2,0.944444,0.058824,0
38,0.6,0,1,1,271,4,0,0,0,4,0,3.656827,1.312454,0,0,0,0,0,0,0,1,0.8,0,0
6950,0.682127,0.242228,0.692308,13,157,2,0,0,0,3.461538,0.967418,2.872611,1.35744,0,0,0,0,0,0,0,4,0.821429,0.173913,1
674,0.72619,0.405112,0.333333,6,1379,5,6,5,0,3.666667,1.032796,4.530819,0.900508,5,2,4,38,0.791086,0.042254,0.333333,2,0.928571,0.076923,1
3932,0.711633,0.339946,0.621212,66,23,3,4,2.75,0.5,4,1.022817,4.304348,1.105144,2,0,1,157,0.780147,0.029218,0.5,5,0.829268,0.235294,1
489,0.595238,0.101015,1,2,331,5,0,0,0,3.5,2.12132,3.694864,1.262731,0,0,0,249,0.790216,0.027381,0.666667,2,0.928571,0.153846,0
1413,0.437307,0.450197,0.121212,33,453,5,7,4.285714,0.95119,3,1.089725,3.986755,1.195419,5,2,3,195,0.784555,0.022111,0.2,6,0.790698,0.176471,1
13276,0.760304,0.363782,0.714286,7,45,3,4,3.25,0.5,3.857143,0.377964,3.266667,1.031327,2,0,1,28,0.790441,0.032558,0,4,0.848485,0.035714,1
139,0.937229,0.115114,0.666667,6,336,4,6,4,0.894427,3.833333,1.47196,4.33631,0.972759,5,2,4,138,0.782371,0.050847,0,3,0.875,0.142857,0
10599,0.585714,0.020203,1,2,5,5,0,0,0,5,0,3.6,1.516575,0,0,0,84,0.773779,0.056478,1,2,0.952381,0.05,0
376,0.452485,0.37299,1,6,353,2,4,2.5,1,3.166667,0.752773,3.898017,1.227443,2,0,0,31,0.780576,0.023041,0,5,0.8,0.25,1
15217,0.639055,0.390193,0.304348,23,10,5,6,4.833333,0.408248,4.130435,1.254242,4.4,0.516398,5,2,4,81,0.768734,0.02521,1,3,0.722222,0,1
194,0.608329,0.448003,0.235294,17,141,4,4,4,0.816497,3.411765,1.064121,3.950355,1.1233,2,0,1,55,0.806,0.029777,0,2,0.904762,0.105263,0
3486,0.6,0.52915,0.666667,3,807,4,4,4,0,4.666667,0.57735,2.842627,1.34174,2,0,1,282,0.783054,0.029796,0,5,0.777778,0.2,1
12565,0.916495,0.200733,0.416667,36,58,4,7,4.857143,0.377964,2.805556,1.037013,4.862069,0.395069,5,2,4,504,0.789723,0.025526,0.666667,4,0.709677,0.181818,1
6409,0.814815,0.232184,0.666667,6,33,4,0,0,0,4,0.632456,3.30303,1.286586,0,0,0,53,0.794297,0.023077,0,3,0.84,0.142857,1
7851,0.907895,0.200933,0.666667,6,150,4,6,5,0,4.333333,0.516398,3.913333,1.122896,5,1,2,143,0.777427,0.033503,0.5,4,0.821429,0.043478,1
225,0.736147,0.30432,0.454545,11,244,5,7,4.571429,0.786796,3.454545,1.21356,3.577869,1.307655,5,0,4,52,0.794,0.040302,0.666667,4,0.870968,0.074074,1
7113,0.711712,0.24631,1,4,110,5,0,0,0,5,0,4.618182,0.834814,0,0,0,0,0,0,0,7,0.795918,0.179487,1
2968,0.641146,0.433178,0.25,16,1110,3,6,3.666667,1.032796,3.75,1.437591,3.700901,1.138988,5,2,3,67,0.801512,0.044811,0,4,0.821429,0.130435,0
2320,0.845358,0.194261,0.222222,9,215,5,4,4.5,0.57735,4.111111,1.269296,4.069767,1.17996,2,0,1,117,0.782837,0.033557,0.25,2,0.888889,0.25,0
6503,0.828588,0.312393,0.641304,92,143,5,0,0,0,4.01087,1.208892,3.608392,1.363689,0,0,0,0,0,0,0,6,0.826087,0.078947,1
9062,0.763492,0.380285,0.416667,12,72,5,4,4.75,0.5,3.416667,1.240112,4.5,0.671345,2,0,1,18,0.819876,0.030303,0,1,1,0.111111,1
22577,0.707516,0.352843,0.266667,15,150,4,0,0,0,3.2,1.373213,4.293333,1.090205,0,0,0,60,0.767658,0.026634,0,4,0.826087,0.210526,0
21620,0.887374,0.231761,0.25,20,72,4,0,0,0,4.2,1.196486,4.625,0.846492,2,0,0,43,0.809524,0.043344,0,3,0.875,0.214286,0
10122,0.899242,0.224664,0.464286,28,170,1,4,1.75,0.957427,3.75,1.040833,3.547059,1.245402,2,0,0,0,0,0,0,5,0.804878,0.060606,0
132,0.8,0,1,1,426,4,4,4.25,0.957427,4,0,4.600939,0.809008,2,0,1,96,0.78478,0.031818,0.25,6,0.844444,0.052632,1
228,0.773796,0.368099,0.274194,62,190,1,4,1.75,0.957427,3.580645,1.017041,2.563158,1.55455,2,0,0,128,0.778577,0.023614,0.6,4,0.866667,0.153846,1
9,0.878571,0.315959,0.3,10,181,1,0,0,0,4.4,1.264911,3.563536,1.438594,0,0,0,406,0.783917,0.023378,0,2,0.777778,0.285714,1
72,0.545663,0.449132,0.428571,14,76,1,4,2.25,0.957427,2.714286,1.589803,2.776316,1.39139,2,0,0,318,0.800376,0.025842,1,5,0.866667,0.153846,1
28633,0.641131,0.382019,0.428571,63,5,4,4,3.75,0.5,3.68254,0.930234,3.2,0.83666,2,0,0,137,0.793184,0.032227,0.25,4,0.83871,0.038462,1
21512,0.893282,0.221056,0.434783,23,10,4,6,4.333333,0.816497,3.434783,1.308229,4,1.054093,5,2,4,281,0.787429,0.032898,0.285714,4,0.827586,0.041667,1
6805,0.619176,0.476786,0.16129,31,38,2,7,3.571429,0.786796,3.741935,1.124507,3.736842,1.057386,5,2,4,219,0.780561,0.023748,0.636364,4,0.870968,0,1
12973,0.873642,0.161351,0.52381,21,195,5,0,0,0,4.190476,1.077917,4.635897,0.828453,2,0,0,73,0.798376,0.023729,1,3,0.842105,0.1875,1
382,0.891173,0.261449,0.6,15,132,2,0,0,0,4.2,0.774597,3.416667,1.290255,0,0,0,0,0,0,0,4,0.863636,0.052632,1
2218,0.768828,0.292394,0.8,10,150,5,4,5,0,4.4,1.264911,4.806667,0.609727,2,0,1,66,0.801653,0.024742,0,1,1,0.111111,0
8690,0.63981,0.384904,0.304348,46,83,4,0,0,0,3.521739,0.960072,4.156627,1.064756,0,0,0,84,0.781434,0.03609,1,2,0.933333,0.071429,0
11131,0.867003,0.147552,0.842424,165,53,4,7,3.857143,1.069045,4.29697,0.912142,3.811321,1.177622,5,2,3,225,0.791981,0.027397,0.5,4,0.868421,0.030303,1
6616,0.759804,0.383676,0.470588,34,118,3,4,2.75,0.5,4.235294,0.854891,3.771186,1.416695,2,0,0,320,0.781675,0.043498,1,2,0.944444,0.058824,1
480,0.746032,0.225039,1,3,353,1,0,0,0,3.333333,2.081666,2.441926,1.298009,0,0,0,50,0.782705,0.042493,0,1,0.818182,0.222222,0
21975,0.615385,0.496139,0.115385,26,96,4,4,5,0,4,1.232883,4.583333,0.790292,2,0,1,55,0.798354,0.025773,0,5,0.846154,0.030303,1
230,0.831661,0.237499,0.681159,69,1899,4,0,0,0,4.028986,1.124212,3.516588,1.208991,2,0,0,35,0.733042,0.023881,0,3,0.8,0.05,1
9398,0.897436,0.28495,0.384615,13,611,4,0,0,0,4.153846,0.5547,4.12766,1.058953,2,0,0,126,0.782427,0.039572,1,4,0.888889,0.166667,1
41,0.577381,0.008418,1,2,325,4,4,3.5,0.57735,4,0,3.486154,1.238761,2,0,1,208,0.777724,0.02037,0.2,4,0.851852,0.086957,0
64,0.512463,0.446987,0.196721,61,62,2,4,2.25,0.957427,3.213115,1.01841,2.870968,1.016001,2,0,0,31,0.788079,0.029412,0,3,0.826087,0.263158,1
173,0.754667,0.363907,0.432432,37,2527,5,0,0,0,3.864865,0.67339,4.173724,1.171166,0,0,0,82,0.780928,0.026403,0.25,1,0.666667,0.125,1
359,0.684211,0,1,1,326,5,4,5,0,5,0,4.404908,0.999311,2,0,1,94,0.798349,0.035451,0.333333,3,0.827586,0.083333,0
7737,0.679248,0.412448,0.230769,13,96,5,4,5,0,4.076923,1.115164,4.635417,0.782974,2,0,1,0,0,0,0,1,0.666667,0.25,1
257,0.804167,0.321581,0.4,10,514,2,0,0,0,3.4,1.429841,3.367704,1.243701,2,0,0,27,0.805147,0.013699,1,2,0.923077,0.083333,0
16773,0.589167,0.494658,0.3,20,241,2,0,0,0,3.75,1.208522,2.240664,1.200766,0,0,0,0,0,0,0,4,0.862069,0.04,1
289,0.88339,0.212046,0.769231,26,153,5,0,0,0,3.961538,0.823688,4.183007,1.022368,0,0,0,0,0,0,0,2,0.857143,0,0
393,0.692949,0.311095,0.75,4,246,5,0,0,0,5,0,3.747967,1.382653,0,0,0,0,0,0,0,2,0.692308,0.222222,0
1042,0.568,0.457567,0.28,25,1645,5,6,4.333333,0.516398,3.56,1.227464,4.06383,1.299049,5,2,4,321,0.784525,0.027421,0,3,0.8,0.166667,1
14885,0.9273,0.139011,0.552632,76,6,2,7,2.285714,0.755929,3.763158,1.141559,3,1.414214,2,2,3,82,0.782934,0.043977,0,5,0.825,0.181818,1
444,0.515152,0.500688,0.333333,3,194,5,4,5,0,5,0,4.226804,0.921872,2,0,1,29,0.78157,0.039301,0,2,0.9,0.222222,0
19119,0.841842,0.307214,0.205882,34,32,4,0,0,0,3.588235,1.437963,3.25,1.135924,0,0,0,268,0.766229,0.049924,0.529412,2,0.941176,0.125,1
18688,0.795427,0.36229,0.442308,52,12,4,4,4,0.816497,4.115385,0.731741,3.416667,1.240112,2,0,1,155,0.763971,0.033686,0.555556,6,0.811321,0.046512,1
23783,0.523611,0.33168,0.666667,6,168,5,7,4.571429,0.786796,3.666667,1.505545,3.928571,1.129736,5,2,4,86,0.778858,0.035881,0.1,1,1,0.125,1
414,0.4,0,1,1,130,2,0,0,0,2,0,4.407692,1.097539,0,0,0,0,0,0,0,3,0.90625,0.103448,0
457,0.727952,0.241127,1,6,247,4,4,4.5,0.57735,4,0.632456,3.356275,1.329233,2,0,1,46,0.755011,0.047198,1,3,0.869565,0.05,0
16909,0.589869,0.470115,0.333333,6,113,4,7,3.571429,0.786796,4.5,0.83666,4.159292,1.106526,5,2,4,169,0.77247,0.019528,0.666667,2,0.916667,0.181818,1
5718,0.732695,0.356383,0.45,20,704,4,4,4,0.816497,3.15,0.988087,3.765625,1.18209,2,0,1,348,0.773957,0.044838,0.444444,8,0.793103,0.065217,1
12807,0.584758,0.481081,0.128205,39,68,1,6,1.666667,0.816497,3.948718,0.916191,2.558824,1.30878,5,0,3,203,0.782703,0.031768,0,2,0.807692,0.047619,1
12297,0.648467,0.420465,0.323529,34,46,3,4,3.25,0.5,3.852941,0.925476,3.673913,1.300502,2,0,1,33,0.798046,0.061224,0,5,0.810811,0.133333,0
342,0.634936,0.450407,0.230769,26,238,4,7,4.571429,0.786796,3.538462,1.174079,4.151261,1.040437,5,2,4,196,0.780584,0.029475,0.333333,3,0.84,0.142857,1
4555,0.928571,0.159719,1,5,507,5,4,4.75,0.5,4.8,0.447214,4.593688,0.706128,2,0,1,143,0.787443,0.0317,0.5,3,0.75,0.2,1
1357,0.608678,0.408374,0.454545,11,79,3,4,3.5,1,3.090909,0.831209,2.620253,1.253751,2,0,1,130,0.780172,0.026519,0.428571,4,0.731707,0.066667,1
19775,0.430049,0.382219,1,7,9,3,7,3.285714,0.48795,3.428571,1.272418,3.444444,1.509231,5,2,2,266,0.767944,0.03039,0.142857,4,0.84,0.047619,0
10318,0.766738,0.335786,0.52381,42,152,1,6,2.5,1.224745,4.380952,1.360638,4.039474,1.280943,5,0,2,95,0.777108,0.018605,0,3,0.809524,0.352941,0
257,0.777778,0,1,1,514,5,0,0,0,5,0,3.367704,1.243701,0,0,0,30,0.821138,0.029703,0,2,0.909091,0,1
202,0.560514,0.376731,0.382979,47,235,5,7,5,0,3.723404,1.015149,4.53617,0.892616,5,0,4,16,0.814371,0.051471,0,2,0.923077,0.166667,0
8018,0.485899,0.476795,0.170732,41,56,2,4,2.25,1.258306,3.439024,1.205172,3.285714,1.17108,2,0,1,127,0.780031,0.029,0,2,0.65,0.153846,1
1934,0.666667,0.57735,0.666667,3,778,4,7,5,0,4.333333,0.57735,3.605398,1.322928,5,2,3,115,0.775455,0.030481,0.636364,2,0.789474,0.066667,1
1487,0.70303,0.447794,0.090909,22,264,4,7,4.428571,0.534522,3.590909,0.796366,4.409091,0.930714,5,1,3,186,0.779701,0.045942,0,3,0.882353,0.066667,1
121,0.916667,0.144338,0.333333,3,203,4,0,0,0,3.666667,0.57735,4.024631,1.149423,0,0,0,95,0.789989,0.022039,0,3,0.866667,0.076923,1
3560,0.796346,0.194843,0.72,25,8,5,0,0,0,4.16,1.067708,4.125,1.356203,0,0,0,52,0.767654,0.023739,0.666667,2,0.888889,0.1875,1
13763,0.795427,0.36229,0.442308,52,211,4,4,4.75,0.5,4.115385,0.731741,3.781991,1.060035,2,0,1,153,0.774468,0.032051,0.75,5,0.763158,0.034483,1
393,0.528015,0.421979,0.714286,7,246,3,7,3.857143,1.214986,3.714286,1.112697,3.747967,1.382653,5,2,3,103,0.78587,0.029046,0.4,2,0.833333,0.2,0
6687,0.708971,0.475238,0.75,4,823,5,7,5,0,5,0,4.066829,1.216935,5,2,4,623,0.788715,0.033207,0.363636,5,0.866667,0.192308,1
7450,0.582345,0.469798,0.228571,35,175,4,7,3.857143,0.690066,3.828571,0.923093,3.742857,1.253566,5,0,2,139,0.795609,0.022835,0.5,3,0.904762,0.157895,1
1482,0.844216,0.264874,1,7,851,1,4,3.5,1.732051,3.714286,1.380131,3.567568,1.481996,2,0,1,327,0.767844,0.028638,0.533333,3,0.925926,0.12,0
16663,0.766738,0.335786,0.52381,42,130,5,4,4.5,0.57735,4.380952,1.360638,4.030769,1.113264,2,0,1,0,0,0,0,2,0.866667,0.153846,1
48,0.703704,0.431227,0.555556,9,111,4,0,0,0,4.666667,0.5,3.522523,1.085833,2,0,0,51,0.793249,0.037234,0,3,0.894737,0.176471,0
25382,0.731378,0.35072,0.4,15,27,5,4,5,0,4,1.253566,4.62963,1.079464,2,0,1,182,0.803288,0.013409,0.5,4,0.740741,0.05,1
25482,0.864103,0.284706,0.384615,13,11,2,0,0,0,4.307692,0.85485,3.545455,0.934199,0,0,0,116,0.795899,0.028103,0,4,0.857143,0.041667,1
1997,0.592713,0.381991,1,3,1413,4,0,0,0,4,1,3.501769,1.194666,2,0,0,12,0.810345,0.021277,0,2,0.916667,0.181818,0
508,0.652597,0.205435,0.8,5,94,1,4,1.75,0.957427,2.8,2.04939,3.829787,1.197114,2,0,0,86,0.803121,0.023916,0.333333,2,0.8,0,0
22925,0.940741,0.096011,0.5,6,75,2,7,3.285714,1.380131,3.333333,1.032796,3.68,1.116946,5,2,3,191,0.788549,0.018692,0.25,4,0.916667,0.121212,1
6330,0.833333,0.288675,1,3,372,5,7,4.428571,0.786796,3.333333,1.527525,4.069892,1.108875,5,2,3,615,0.79973,0.026182,0.789474,2,0.9375,0.133333,1
24708,0.81914,0.336631,0.580247,81,50,4,0,0,0,3.555556,0.921954,2.48,1.388583,0,0,0,0,0,0,0,4,0.870968,0.037037,1
21287,0.763504,0.378109,0.454545,33,108,4,4,4.5,0.57735,4.424242,0.662868,4.314815,0.963329,2,0,1,171,0.781491,0.024671,0,5,0.842105,0.03125,1
1240,0.727263,0.281358,0.666667,18,243,3,0,0,0,3.777778,0.808452,3.938272,1.213005,0,0,0,93,0.791954,0.040639,0.833333,3,0.75,0.25,0
21626,0.545,0.50625,0.1,20,201,5,4,5,0,4.05,1.276302,4.895522,0.532945,2,0,1,119,0.786627,0.06375,0,2,0.758621,0.090909,1
5299,0.666667,0.5,0.222222,9,66,5,7,4.857143,0.377964,4.111111,1.269296,4.878788,0.480869,5,2,3,155,0.785401,0.018587,1,2,0.916667,0.090909,1
4826,0.877525,0.207953,0.758621,29,56,4,4,4.25,0.5,3.482759,0.91107,3.035714,1.306825,2,0,1,133,0.790414,0.029805,0,9,0.815385,0.188679,1
11697,0.733869,0.405188,0.225,40,109,5,0,0,0,3.775,1.143263,3.87156,1.270031,2,0,0,0,0,0,0,3,0.875,0.071429,1
4258,0.559804,0.453423,0.117647,17,89,5,0,0,0,4,0.866025,4.41573,0.974784,0,0,0,46,0.807256,0.030899,0,3,0.846154,0.181818,1
24,0.69256,0.411941,0.235294,51,777,5,4,4.5,0.57735,4.039216,0.662142,4.571429,0.74291,2,0,1,160,0.787546,0.031628,0,3,0.833333,0.066667,1
726,0.64071,0.286467,1,4,285,3,4,2.25,0.957427,2.5,0.57735,3.722807,1.146184,2,0,1,65,0.8,0.029279,1,2,0.888889,0.25,0
2049,0.635237,0.423274,0.27027,74,103,5,7,4.571429,0.786796,3.662162,1.101394,4.737864,0.81603,5,2,4,123,0.772374,0.044081,0,3,0.793103,0.086957,1
359,0.666667,0,1,1,326,5,0,0,0,5,0,4.404908,0.999311,0,0,0,31,0.796491,0.039648,0,3,0.892857,0.04,0
18472,0.641131,0.382019,0.428571,63,346,4,4,3.5,0.57735,3.68254,0.930234,3.650289,1.122478,2,0,1,184,0.796233,0.024373,0.428571,3,0.882353,0.066667,1
19708,0.87051,0.105268,0.866667,15,64,4,4,3.5,1,3.933333,1.099784,4.21875,1.090635,2,0,1,252,0.779983,0.029867,0.375,5,0.694444,0.32,1
4736,0.858,0.250291,0.636364,44,45,3,4,3.25,1.258306,3.295455,1.132594,3.311111,1.549519,2,0,1,103,0.767492,0.029453,0,4,0.764706,0.346154,1
3214,0.872222,0.209595,0.2,10,1296,5,4,4.75,0.5,4.2,0.788811,4.194444,1.157484,2,0,1,145,0.763569,0.028238,0.428571,3,0.875,0.142857,1
14642,0.735052,0.321679,0.5625,16,184,4,6,4.5,0.547723,4,0.632456,4.347826,0.886262,5,2,4,232,0.784063,0.028231,0.615385,1,0.875,0.142857,1
657,0.583333,0,1,1,192,4,4,3.75,0.5,4,0,4.067708,1.249334,2,0,1,88,0.787654,0.026646,0,2,0.875,0.142857,0
7506,0.478667,0.445259,0.133333,15,217,4,7,3.428571,1.133893,3.933333,0.883715,4.488479,0.866616,5,2,3,275,0.768929,0.021429,0.375,3,0.592593,0.0625,0
1977,0.614216,0.447677,0.117647,17,318,3,7,3.428571,0.786796,3.705882,0.919559,4.106918,1.215521,5,2,4,222,0.772338,0.030154,0.066667,2,0.818182,0.333333,0
5059,0.769648,0.242948,0.5,6,494,5,4,5,0,3.666667,1.505545,4.139676,1.12627,2,0,1,78,0.782303,0.044883,1,2,0.882353,0.2,1
13063,0.877976,0.193613,0.5,8,169,4,0,0,0,3.75,0.886405,3.60355,1.135042,0,0,0,0,0,0,0,6,0.829268,0.029412,1
38,0.904762,0.164957,0.333333,3,271,2,0,0,0,4,1.732051,3.656827,1.312454,0,0,0,110,0.792026,0.023129,0,4,0.833333,0.2,0
12325,0.860148,0.154511,0.75,12,261,5,4,4.25,1.5,3.916667,1.083625,4.59387,0.852485,2,0,1,155,0.789474,0.018803,1,6,0.872727,0.125,1
1069,0.780842,0.30908,0.6875,16,204,4,4,3.5,0.57735,3.6875,0.873212,4.838235,0.532962,2,0,1,317,0.774694,0.029781,0.416667,3,0.861111,0.032258,0
12420,0.735714,0.326376,0.428571,7,73,3,0,0,0,3.571429,0.786796,3.726027,1.227693,0,0,0,164,0.765405,0.035887,0.142857,4,0.875,0.035714,0
15231,0.793071,0.25018,0.534483,58,174,2,4,2.5,0.57735,3.137931,1.369444,3.701149,1.427354,2,0,0,39,0.781579,0.026936,0,1,0.8,0.25,0
67,0.833333,0.235702,0.75,4,598,4,0,0,0,3.75,0.957427,3.553512,1.213953,0,0,0,53,0.804527,0.040921,0.2,2,0.928571,0.076923,1
255,0.74048,0.367813,0.5,20,281,2,4,3,0.816497,3.25,0.910465,3.24911,1.397143,2,0,1,53,0.750503,0.029491,0,6,0.826087,0.026316,1
14644,0.666418,0.411584,0.45,20,26,3,4,2.25,0.5,4.15,0.67082,3.769231,1.142198,2,0,1,342,0.785826,0.019468,0.352941,2,0.84,0.047619,1
11462,0.889169,0.118876,0.75,12,30,1,4,1,0,3.666667,1.435481,3.3,1.022168,2,0,0,92,0.778182,0.054517,0,1,0.714286,0.1,1
17632,1,0,0.5,2,10,3,4,3.5,0.57735,4,1.414214,3,0.816497,2,0,1,62,0.786496,0.037123,0,3,0.882353,0.2,1
6737,0.862745,0.329326,0.647059,17,105,4,4,4.5,0.57735,3.882353,0.857493,3.780952,1.176541,2,0,1,133,0.773214,0.054273,0.5,4,0.83871,0.115385,1
17809,0.464286,0.656599,0.5,2,103,4,6,3.833333,0.752773,4.5,0.707107,2.776699,1.162587,5,2,4,224,0.784668,0.023647,0,5,0.791667,0.052632,1
10764,0.464646,0.413685,0.333333,6,78,4,4,3,0,3.833333,0.408248,3.935897,1.292734,2,0,1,29,0.795652,0.071038,0,4,0.833333,0.05,0
457,0.555556,0,1,1,247,2,0,0,0,2,0,3.356275,1.329233,0,0,0,79,0.778582,0.022305,0,4,0.785714,0.181818,0
8158,0.633557,0.427132,0.4,15,136,5,4,5,0,3.8,1.207122,4.102941,1.188085,2,0,1,151,0.777936,0.032937,0,4,0.818182,0.037037,1
6139,0.551852,0.425281,0.444444,9,24,1,7,2.428571,0.9759,4.111111,1.269296,4.208333,0.931533,5,2,4,195,0.788559,0.025605,0,4,0.852941,0.034483,0
657,0.733333,0,1,1,192,5,0,0,0,5,0,4.067708,1.249334,0,0,0,130,0.778157,0.037281,0,6,0.8125,0.051282,0
19129,0.702189,0.438118,0.222222,36,4,4,4,3.5,0.57735,3.555556,0.606839,4,1.414214,2,0,1,52,0.77842,0.022277,0,6,0.815789,0.193548,1
6397,0.435897,0.497859,0.076923,13,337,3,7,2.714286,0.48795,3.384615,0.869718,3.925816,1.209025,5,2,4,59,0.796296,0.031712,0,5,0.818182,0.027778,0
75,0.790585,0.225931,0.75,16,177,2,0,0,0,2.75,1.125463,3.932203,1.063833,0,0,0,119,0.778598,0.024882,0.125,3,0.84,0.047619,0
8440,0.923924,0.124299,0.695652,23,50,3,7,4.285714,0.95119,3.782609,1.126399,3.52,1.129204,5,2,4,171,0.778678,0.044836,0.5,4,0.8,0.0625,1
8128,0.702115,0.419548,0.348148,135,49,5,4,5,0,4.02963,1.119306,3.938776,0.966268,2,0,1,203,0.787007,0.023681,0.666667,5,0.840909,0.027027,1
2691,0.711364,0.34505,0.545455,11,1186,3,0,0,0,4.181818,0.750757,2.919056,1.255613,2,0,0,53,0.792176,0,0.5,7,0.772727,0,1
1124,0.933377,0.102664,0.75,8,218,4,0,0,0,4.625,0.744024,4.027523,0.94023,0,0,0,0,0,0,0,2,0.818182,0.111111,1
5371,0.545455,0.522233,0.363636,11,130,4,0,0,0,3.909091,0.94388,3.507692,1.295467,0,0,0,141,0.801581,0.021696,0,2,0.9,0.222222,1
2175,0.729859,0.361953,0.52,25,1355,2,6,2.5,1.378405,3.44,1.044031,3.442804,1.203244,5,1,4,399,0.776477,0.025735,0.666667,3,0.875,0.142857,1
164,0.933333,0.149071,0.6,5,295,4,4,4.75,0.5,3.2,1.30384,3.715254,1.198186,2,0,1,84,0.784011,0.0161,0,6,0.805556,0.034483,0
25211,0.903235,0.14714,0.5,8,48,1,4,2,1.154701,4,1.309307,3.666667,1.342169,2,0,0,149,0.779661,0.032136,0.222222,6,0.857143,0.047619,0
1023,0.673264,0.444531,0.454545,11,741,3,6,3,0.632456,3.545455,0.8202,3.932524,1.234978,4,2,2,134,0.779029,0.041157,0,5,0.837209,0.111111,1
5936,0.708517,0.401351,0.375,16,70,5,0,0,0,3.75,1.125463,3.242857,1.488465,2,0,0,31,0.803738,0.023256,0,2,0.909091,0.2,1
13954,0.7125,0.300095,0.333333,12,103,3,7,4.142857,1.214986,2.666667,1.302678,2.902913,1.224861,5,2,4,152,0.774873,0.044049,0.384615,4,0.869565,0.05,1
1127,0.578947,0,1,1,24,2,0,0,0,2,0,2.833333,1.833663,0,0,0,47,0.794372,0.024523,1,5,0.804348,0.054054,0
348,0.711825,0.281667,0.636364,11,674,5,7,4.857143,0.377964,3.818182,1.250454,4.568249,0.800595,4,2,4,88,0.792079,0.034375,1,2,0.846154,0.090909,0
19504,0.589983,0.058826,1,2,37,5,0,0,0,4.5,0.707107,3.972973,1.092563,0,0,0,71,0.784195,0.021318,0.75,3,0.904762,0.052632,0
480,0.7,0,1,1,353,3,0,0,0,3,0,2.441926,1.298009,0,0,0,78,0.770992,0.035644,0.2,4,0.88,0.045455,0
17547,0.973684,0.052632,0.25,4,68,2,4,1.75,0.5,3,1.825742,3.147059,1.478853,2,0,1,297,0.78011,0.018414,0.666667,2,0.882353,0.133333,1
67,0.611111,0.078567,0.5,2,598,5,0,0,0,3,2.828427,3.553512,1.213953,0,0,0,20,0.803109,0.032258,0,2,0.833333,0.133333,0
310,0.4375,0.483226,0.3,10,1047,4,6,3.333333,1.21106,3.8,1.135292,3.854823,1.200674,5,2,4,134,0.781746,0.04264,0.636364,3,0.833333,0.12,1
10673,0.853148,0.132554,0.833333,6,281,5,4,5,0,4.5,0.547723,4.291815,1.024819,2,0,1,172,0.794136,0.025385,1,3,0.777778,0.214286,1
1997,0.437307,0.450197,0.121212,33,1413,4,7,2.428571,0.9759,3,1.089725,3.501769,1.194666,5,2,4,127,0.787323,0.020127,0,4,0.818182,0.185185,1
15932,0.531811,0.481423,0.04918,61,69,4,7,4.714286,0.48795,3.540984,0.786845,4.507246,0.901358,5,2,4,105,0.789779,0.041176,1,6,0.846154,0.022727,0
1826,0.49219,0.413806,0.571429,14,249,4,4,5,0,3.642857,1.645841,4.040161,0.936703,2,0,1,26,0.794643,0.039326,0,2,0.909091,0.1,0
3491,0.736934,0.348765,0.542857,35,25,5,0,0,0,3.428571,1.3781,4.28,0.890693,0,0,0,113,0.789679,0.022195,0.222222,3,0.882353,0.066667,1
480,1,0,1,1,353,1,6,1.333333,0.516398,1,0,2.441926,1.298009,5,1,4,92,0.756757,0.029221,0.25,1,1,0.125,1
15472,0.718403,0.379458,0.333333,12,247,4,7,4.142857,0.690066,3.833333,1.114641,4.024291,0.966627,4,2,4,94,0.790454,0.032401,0,3,0.761905,0.0625,1
18747,0.733333,0.434613,0.4,5,20,4,4,4.25,1.5,3.4,1.140175,3.45,1.468081,2,0,1,122,0.79235,0.031034,0.666667,5,0.857143,0.027778,1
105,0.621935,0.37139,0.666667,9,258,5,4,4.75,0.5,4,1.581139,4.484496,0.951014,2,0,1,136,0.793899,0.036345,0.142857,7,0.823529,0.02381,0
7795,0.693277,0.387088,0.285714,7,70,3,0,0,0,3.714286,1.380131,4.228571,0.887456,0,0,0,152,0.78676,0.036315,0.666667,3,0.766667,0.043478,1
11132,0.867003,0.147552,0.842424,165,39,5,7,4.857143,0.377964,4.29697,0.912142,3.794872,1.360717,5,2,3,260,0.796112,0.025974,0,5,0.756757,0.107143,1
1110,0.787046,0.210545,0.714286,7,1515,3,6,2.833333,0.408248,3.142857,1.069045,3.116832,1.216987,4,0,4,751,0.786951,0.021997,0.347826,3,0.666667,0.05,1
17980,0.708515,0.396138,0.208333,24,44,4,7,4,0,2.958333,1.545798,2.977273,1.248043,5,2,4,71,0.769706,0.026104,1,6,0.823529,0.142857,1
173,0.855169,0.246265,0.513514,37,2527,5,5,5,0,4.486486,0.901284,4.173724,1.171166,5,0,1,931,0.778501,0.029257,0.184211,7,0.75,0.205128,1
12447,0.7,0.423861,0.428571,14,256,4,6,4.666667,0.516398,3.857143,1.167321,3.59375,1.126769,5,2,3,113,0.788444,0.002364,0.375,5,0.758621,0.090909,1
7593,0.734315,0.393813,0.2,40,89,3,0,0,0,3.675,0.971055,3.348315,1.306462,2,0,0,0,0,0,0,4,0.846154,0.181818,1
5847,0.743146,0.372685,0.422018,109,56,3,0,0,0,4.165138,0.833486,3.839286,1.247205,0,0,0,0,0,0,0,5,0.810811,0.033333,1
19788,0.555556,0.509175,0.333333,3,51,2,4,2,0.816497,4,1.732051,4.392157,1.234154,2,0,0,148,0.773651,0.019022,0.5,9,0.728814,0.046512,0
24313,0.75,0.273861,0.5,6,12,4,6,4,0.632456,3.833333,0.983192,3.833333,1.114641,5,2,4,238,0.789327,0.055262,0,4,0.833333,0.166667,1
2,0.25,0.353553,0.5,2,345,1,0,0,0,3,2.828427,3.414493,1.384851,0,0,0,73,0.781575,0.076046,0,4,0.875,0.035714,0
8677,0.883713,0.169924,0.7,10,217,5,7,4.857143,0.377964,3.5,1.649916,4.612903,0.803591,5,2,4,143,0.769525,0.033831,0.375,6,0.823529,0.02381,1
5377,0.655875,0.420975,0.315789,19,93,4,7,4.428571,0.786796,3.789474,0.976328,4.516129,1.028009,5,2,4,271,0.781749,0.026358,0,3,0.857143,0.041667,1
28,0.545455,0,1,1,207,5,4,4,1.154701,5,0,2.468599,1.302622,2,0,1,51,0.788177,0.04375,0,6,0.772727,0.176471,0
1231,0.911458,0.164325,0.125,8,214,4,0,0,0,3.75,0.707107,3.271028,1.457183,0,0,0,99,0.775938,0.036984,0,4,0.83871,0.115385,0
132,0.538462,0,1,1,426,4,4,4.5,0.57735,4,0,4.600939,0.809008,2,0,1,89,0.786996,0.029915,0,6,0.866667,0.128205,0
24967,0.779184,0.258242,0.619048,21,39,5,0,0,0,2.857143,1.352247,3.974359,1.087904,0,0,0,0,0,0,0,3,0.885714,0.032258,1
3171,0.923924,0.124299,0.695652,23,127,5,4,5,0,3.782609,1.126399,4.850394,0.379614,2,0,1,514,0.784023,0.035189,0.4,10,0.77027,0.035088,1
2224,0.916667,0.166667,0.25,4,43,4,4,4.5,1,4.5,0.57735,4.046512,1.174197,2,0,1,67,0.785824,0.035294,0.5,3,0.837838,0.032258,0
5253,0.706391,0.39269,0.380952,21,79,5,4,4.25,0.5,4.142857,0.910259,3.898734,0.955348,2,0,1,130,0.797287,0.037037,1,4,0.857143,0.222222,1
473,0.786735,0.201674,0.571429,7,154,5,0,0,0,4.571429,0.534522,4.25974,1.021374,0,0,0,12,0.747573,0.051948,0,2,0.9375,0,0
2124,0.648467,0.420465,0.323529,34,414,4,4,4.25,0.957427,3.852941,0.925476,3.55314,1.331615,2,0,1,221,0.760041,0.058194,0.4,4,0.821429,0.173913,1
164,0.707687,0.410797,0.227273,22,295,5,0,0,0,3.818182,1.097025,3.715254,1.198186,0,0,0,93,0.802367,0.011799,0.857143,2,0.833333,0.1,1
132,0.857143,0,1,1,426,4,7,3.571429,1.133893,4,0,4.600939,0.809008,2,0,0,440,0.77021,0.032394,0.058824,6,0.844444,0.052632,1
2224,0,0,1,1,43,1,6,2.333333,1.032796,1,0,4.046512,1.174197,5,0,2,30,0.808163,0.030303,0,3,0.846154,0.136364,0
6707,0.781502,0.355037,0.4,15,13,4,4,4,0.816497,3.866667,0.516398,3.538462,1.198289,2,0,1,54,0.78501,0.017588,1,2,0.9,0.111111,1
1039,0.873016,0.16265,0.428571,7,275,2,7,2.571429,1.397276,3.714286,1.603567,4.152727,1.195468,5,0,3,132,0.783993,0.020856,0.5,2,0.823529,0.071429,1
2100,0.693576,0.338633,0.3125,16,513,3,7,3.571429,1.133893,3.75,1.064581,4.031189,1.292633,5,2,3,342,0.78622,0.021518,0.5,3,0.789474,0.266667,1
2320,0.721022,0.414924,0.3125,32,215,5,4,4.5,0.57735,3.875,1.263635,4.069767,1.17996,2,0,1,100,0.783957,0.030014,0,2,0.764706,0.076923,1
27365,0.927536,0.090507,1,3,25,1,4,1,0,2.666667,1.527525,2.72,1.594783,2,0,0,227,0.785752,0.034251,0.153846,2,0.894737,0.117647,1
129,0.714286,0,1,1,222,1,7,1.714286,1.253566,1,0,3.234234,1.247295,2,0,0,169,0.789835,0.032174,0,4,0.84,0.047619,0
9867,0.752811,0.366967,0.416667,12,185,3,4,3,0.816497,3.833333,0.937437,3.232432,1.134933,2,0,1,238,0.784594,0.028219,0.090909,3,0.777778,0.047619,0
4161,0.728693,0.43667,0.3125,32,124,2,0,0,0,4.34375,0.901947,3.75,1.159093,0,0,0,0,0,0,0,3,0.846154,0.136364,1
316,0.5,0,1,1,283,5,0,0,0,5,0,4.371025,0.918761,2,0,0,33,0.784615,0.019608,1,3,0.8,0.25,0
26521,0.649121,0.427057,0.370968,62,78,4,0,0,0,3.709677,0.981586,4.012821,1.13382,0,0,0,0,0,0,0,6,0.791667,0.157895,1
164,0.584707,0.24624,0.666667,6,295,4,0,0,0,2.833333,1.169045,3.715254,1.198186,0,0,0,118,0.776065,0.044393,1,6,0.8125,0.051282,0
2200,0.638889,0.47914,0.166667,18,81,4,4,4,0.816497,4.388889,0.849837,3.592593,1.212206,2,0,1,99,0.75495,0.054098,0.142857,2,0.9,0.222222,1
444,0.708333,0.058926,0.5,2,194,5,0,0,0,5,0,4.226804,0.921872,0,0,0,149,0.79397,0.028029,0.5,3,0.766667,0.043478,0
1201,0.768096,0.230905,0.736842,19,225,5,4,4.75,0.5,4.368421,0.830698,3.946667,1.280625,2,0,1,55,0.76673,0.034913,0,2,0.909091,0.1,0
11889,0.855169,0.246265,0.513514,37,61,5,7,5,0,4.486486,0.901284,4.278689,1.002183,5,2,3,260,0.769301,0.043608,0.222222,8,0.821429,0.130435,1
7202,0.340909,0.475007,0.272727,11,10,3,4,2.5,0.57735,3.909091,0.94388,2,0.942809,2,0,1,188,0.780838,0.03086,0.142857,2,0.8125,0.076923,1
75,0.898443,0.147475,0.588235,17,177,5,4,4.5,0.57735,4.823529,0.392953,3.932203,1.063833,2,0,1,98,0.767699,0.028818,0.5,3,0.857143,0.111111,0
11489,0.854167,0.163319,0.5,12,311,4,0,0,0,3.583333,0.514929,3.488746,1.447702,2,0,0,231,0.79534,0.01436,0.8,5,0.818182,0.222222,1
417,0.28125,0.397748,0.5,2,158,4,4,4,0,4.5,0.707107,4.329114,0.960646,2,0,1,31,0.789655,0.030568,0.5,3,0.869565,0.1,0
1938,0.679861,0.331648,0.75,8,265,1,0,0,0,2.625,0.916125,3.267925,1.325704,0,0,0,105,0.780564,0.037483,0.333333,3,0.789474,0.2,0
4435,0.656667,0.384346,0.4,5,93,4,0,0,0,3.6,1.140175,4.505376,0.73164,0,0,0,77,0.798023,0.023009,0,2,0.894737,0.058824,1
17325,0.68757,0.393588,0.5,16,257,2,7,1.857143,0.899735,3.75,0.930949,4.70428,0.688991,5,2,3,315,0.789047,0.028278,0.888889,5,0.789474,0.066667,1
3830,0.642082,0.364876,0.833333,6,73,3,4,3,0,4.166667,0.752773,3.561644,1.280042,2,0,0,26,0.786047,0.029586,0,1,0.909091,0.2,0
10053,0.778461,0.303473,0.5,28,90,3,5,4,0.707107,3.892857,0.99403,3.422222,1.429841,5,2,3,142,0.749407,0.03903,0.333333,6,0.795918,0.025641,1
17616,0.668003,0.380327,0.65,20,39,5,4,5,0,4.55,0.759155,4.076923,1.08542,2,0,1,265,0.774594,0.04307,0.333333,2,0.809524,0.058824,1
27985,0.766667,0.251661,0.333333,3,69,2,7,2.285714,0.755929,3,1.732051,4.086957,1.233588,2,0,0,210,0.782018,0.032086,0.5,4,0.787879,0.192308,1
1297,0.861791,0.144987,0.714286,7,49,3,4,3.5,0.57735,4.142857,0.690066,3.367347,1.481748,2,0,0,0,0,0,0,2,0.923077,0.166667,0
3955,0.666667,0.516398,0.166667,6,304,5,7,4.714286,0.755929,4.166667,0.752773,3.519737,0.911752,5,1,4,138,0.767424,0.01382,1,1,1,0.111111,1
4760,0.648069,0.375519,0.469388,98,79,5,0,0,0,3.989796,1.010205,4.56962,0.728249,2,0,0,58,0.779412,0.033019,0,3,0.814815,0.272727,0
15497,0.736842,0,1,1,3,1,0,0,0,1,0,2,1,0,0,0,44,0.806202,0.016026,0,3,0.730769,0.263158,0
7960,0.571895,0.023108,1,2,205,5,4,4.75,0.5,3,2.828427,4.439024,1.020591,2,0,1,47,0.798343,0.024221,0,2,0.846154,0.090909,0
14234,0.505952,0.486168,0.428571,7,114,4,4,3.75,0.5,4.142857,0.377964,3.850877,0.904585,2,0,1,0,0,0,0,2,0.928571,0,1
9002,0.735636,0.211216,0.5,8,307,3,7,3.142857,1.214986,3.625,1.407886,4.462541,1.019931,5,2,4,1075,0.787552,0.026596,0.434783,3,0.777778,0.214286,0
29,0.927731,0.110937,0.666667,3,80,5,4,5,0,5,0,4.325,1.133774,2,0,0,253,0.788266,0.029099,0.117647,3,0.863636,0.105263,1
1222,0.671989,0.443853,0.222222,72,29,4,0,0,0,3.888889,0.881029,3.724138,1.161789,2,0,0,85,0.796837,0.019847,0.428571,3,0.75,0.380952,1
11404,0.648467,0.420465,0.323529,34,79,5,4,5,0,3.852941,0.925476,4.050633,1.153576,2,0,1,122,0.775847,0.058231,0,3,0.857143,0.222222,0
3960,0.87051,0.105268,0.866667,15,102,4,4,4,0,3.933333,1.099784,3.911765,1.227595,2,0,0,392,0.774608,0.040516,0.1,7,0.707317,0.275862,1
245,0.533571,0.449504,0.1875,16,260,5,0,0,0,3.9375,0.853913,4.461538,0.821091,0,0,0,439,0.781777,0.023825,0,2,0.875,0.071429,0
255,0.571429,0,1,1,281,2,0,0,0,2,0,3.24911,1.397143,0,0,0,72,0.793829,0.026502,0,5,0.871795,0.147059,0
444,0.410756,0.461613,0.098901,91,194,5,6,4.166667,0.752773,3.340659,1.26684,4.226804,0.921872,5,2,3,28,0.794355,0.020305,0,2,0.888889,0,1
495,0.471154,0.479132,0.076923,13,21,4,7,4.714286,0.48795,3.692308,0.751068,4.52381,0.872872,5,0,2,66,0.795666,0.040856,0.5,6,0.837209,0.027778,0
9094,0.926655,0.147499,0.413793,29,61,3,4,3,0,3.793103,1.081643,3.245902,1.135132,2,0,0,0,0,0,0,4,0.90625,0.034483,1
22139,0.850784,0.185785,0.590909,66,49,2,4,2.5,1,4.136364,0.958948,3.204082,1.58087,2,0,0,252,0.783412,0.020296,0.111111,4,0.857143,0.033333,0
20833,0.74958,0.353738,0.294118,17,43,1,0,0,0,3.823529,1.014599,4.44186,1.296558,2,0,0,135,0.771961,0.026437,0,2,0.944444,0.117647,0
10795,0.740429,0.315529,0.366667,30,5,4,4,3.75,0.5,3.133333,1.195778,2.2,1.30384,2,0,0,47,0.80137,0.031339,0,4,0.771429,0.037037,1
18729,0.789063,0.251784,1,4,18,4,0,0,0,4,0.816497,2.666667,1.414214,0,0,0,53,0.779961,0.02267,1,3,0.882353,0.066667,0
2372,0.827715,0.21771,0.416667,12,500,5,7,4.857143,0.377964,4,1.206045,4.196,1.120757,5,2,4,106,0.768478,0.024045,0.714286,6,0.861111,0.193548,1
32,0.095238,0.164957,0.333333,3,1531,4,7,3,1.154701,3,1,3.964729,1.145065,5,2,4,53,0.778993,0.053371,0,3,0.857143,0.083333,0
722,0.833333,0,1,1,93,1,0,0,0,1,0,3.397849,1.234819,2,0,0,92,0.771164,0.039451,0,2,0.923077,0.166667,1
6958,0.732695,0.356383,0.45,20,244,4,4,3.5,1.290994,3.15,0.988087,4.418033,0.963021,2,0,0,282,0.774076,0.038845,0.125,6,0.8,0.027778,1
20385,0.708517,0.401351,0.375,16,12,4,0,0,0,3.75,1.125463,3.666667,1.230915,2,0,0,60,0.810105,0.027957,1,1,0.777778,0.142857,1
9553,0.835755,0.206116,0.75,8,18,5,0,0,0,4,1.195229,4.666667,0.970143,0,0,0,120,0.797331,0.023013,1,4,0.846154,0.030303,0
15877,0.768162,0.320565,0.75,12,14,5,0,0,0,4,0.852803,5,0,0,0,0,134,0.797599,0.045161,0.666667,7,0.833333,0.114286,1
6946,0.756818,0.338313,0.625,8,438,4,0,0,0,4.75,0.46291,3.817352,1.10272,2,0,0,100,0.778502,0.026499,0.5,2,0.909091,0.1,1
173,0.462561,0.454627,0.16129,31,2527,2,4,2.75,1.5,4,0.894427,4.173724,1.171166,2,0,0,307,0.775248,0.022738,0.461538,2,0.862069,0.04,0
5130,0.744232,0.374028,0.384615,26,269,5,6,4.833333,0.408248,4.346154,1.093336,3.732342,1.219751,5,2,3,88,0.790909,0.028736,0.5,4,0.875,0.071429,1
3414,0.633523,0.474661,0.25,12,192,5,6,4.833333,0.408248,4.583333,0.514929,3.739583,1.271885,5,1,4,111,0.786194,0.019512,0.5,3,0.823529,0.142857,1
958,0.95915,0.079857,0.470588,17,644,3,7,3.285714,0.95119,4.117647,0.857493,3.26087,1.305672,1,0,0,520,0.798305,0.043748,0.625,3,0.833333,0.1,1
25520,0.711633,0.339946,0.621212,66,14,4,4,4,0,4,1.022817,4.714286,0.82542,2,0,1,67,0.786713,0.037778,0.333333,4,0.85,0.147059,1
1145,0.682423,0.43249,0.4375,16,52,4,4,4,0.816497,3.5,0.730297,3.942308,1.144697,2,0,1,28,0.792683,0.030769,0,4,0.83871,0.153846,0
20585,0.882167,0.218418,0.737705,61,51,3,4,3.25,0.5,3.721311,0.878088,4.215686,0.944748,2,0,1,78,0.773713,0.028021,0.5,7,0.847826,0.076923,1
2296,0.816201,0.277991,0.5,14,314,4,0,0,0,4.142857,1.09945,3.786624,1.1427,0,0,0,94,0.785877,0.021739,0.333333,3,0.6,0.083333,1
452,0.844167,0.192612,0.7,10,789,5,0,0,0,4.5,0.527046,4.64512,0.777731,0,0,0,56,0.796875,0.041667,1,2,0.928571,0.153846,1
16633,0.633557,0.427132,0.4,15,23,5,2,5,0,3.8,1.207122,4.652174,0.572768,2,0,1,161,0.787986,0.034978,0,4,0.861111,0.129032,1
22609,0.819154,0.195921,0.75,20,6,2,4,3,0.816497,3.5,1.50438,3,1.414214,2,0,0,90,0.771429,0.066358,1,0,0.631579,0.083333,1
457,0.814815,0.232184,0.666667,6,247,5,4,5,0,4,0.632456,3.356275,1.329233,2,0,1,56,0.796545,0.028916,0.5,4,0.878788,0.137931,0
133,0.382742,0.473016,0.115385,26,542,5,4,4.75,0.5,3.923077,1.163549,4.328413,1.006028,2,0,1,100,0.795024,0.031297,1,2,0.761905,0.0625,1
88,0.714286,0,1,1,263,4,0,0,0,4,0,3.425856,1.381868,0,0,0,0,0,0,0,3,0.8,0.375,0
29,0.87069,0.170681,1,2,80,4,4,4.5,0.57735,3,1.414214,4.325,1.133774,2,0,1,62,0.79085,0.022727,0.428571,2,0.9375,0.066667,1
245,0.761905,0.383178,0.571429,7,260,4,4,4,0,3.714286,0.755929,4.461538,0.821091,2,0,0,68,0.77187,0.028889,0,4,0.827586,0.083333,0
7977,0.375,0.515388,0.4,5,2,5,4,4.5,0.57735,4,1.224745,4,1.414214,2,0,1,14,0.767296,0.02459,0,2,0.928571,0.153846,1
105,0.5,0,1,1,258,5,0,0,0,5,0,4.484496,0.951014,0,0,0,126,0.778481,0.025552,1,3,0.842105,0.0625,0
176,0.576923,0,1,1,340,1,0,0,0,1,0,3.958824,1.096284,0,0,0,164,0.800639,0.015962,0,6,0.809524,0.176471,0
8985,0.64071,0.286467,1,4,102,2,4,3.25,0.5,2.5,0.57735,3.72549,1.321242,2,0,1,187,0.787356,0.029197,0,5,0.837838,0.032258,1
4187,0.728409,0.334488,0.625,8,164,5,0,0,0,4.625,0.744024,4.518293,0.909881,2,0,0,20,0.805263,0.019608,0,2,0.909091,0,0
19967,0.736111,0.209718,0.75,4,21,3,4,2.75,0.957427,4,0.816497,3.190476,1.569046,2,0,1,24,0.782101,0.00995,1,2,0.909091,0.2,1
4285,0.683011,0.308017,0.75,8,35,4,0,0,0,3.875,0.991031,3.628571,1.308023,0,0,0,117,0.766667,0.034527,0.714286,3,0.818182,0.055556,0
164,0.924615,0.129907,0.8,5,295,4,4,4.25,0.5,4.4,0.547723,3.715254,1.198186,2,0,1,161,0.769489,0.029694,0.857143,5,0.826087,0.052632,0
4677,0.670139,0.42061,0.25,12,50,4,0,0,0,3.666667,1.154701,3.72,1.278392,0,0,0,0,0,0,0,1,0.8,0.083333,1
4759,0.67647,0.388701,0.52381,21,84,3,4,3,0,3.666667,1.110555,3.583333,1.12162,2,0,1,102,0.793965,0.019659,0,3,0.722222,0.038462,1
12616,0.7,0.424264,0.5,2,162,3,7,3.857143,1.069045,3.5,0.707107,4.37037,0.712697,5,2,1,174,0.799261,0.024653,0.666667,2,0.642857,0.333333,0
4337,0.910941,0.157726,0.642857,28,365,5,4,5,0,4.214286,0.956736,4.419178,1.054641,2,0,1,546,0.799332,0.01744,0.25,2,0.928571,0.153846,1
6240,0.590909,0.490825,0.090909,11,118,5,4,4.5,0.57735,4.181818,0.873863,3.440678,1.23719,2,0,1,181,0.789905,0.050319,0.125,6,0.836735,0.02439,1
2715,0.84127,0.119839,1,3,204,4,4,4.25,0.5,4,0,2.647059,1.658815,2,0,1,246,0.78162,0.024848,0.416667,2,0.933333,0.142857,0
4533,0.736928,0.428323,0.294118,17,116,5,0,0,0,4.294118,0.771744,4.146552,0.867323,0,0,0,63,0.777778,0.05102,1,4,0.846154,0.090909,1
17581,0.764706,0.332756,0.5,2,250,2,4,1.25,0.5,2.5,0.707107,3.62,1.33067,2,0,1,313,0.775035,0.017743,0.904762,6,0.816327,0.025,0
24369,0.492618,0.468276,0.128205,39,18,4,0,0,0,3.692308,0.922064,4,0.970143,2,0,0,69,0.781923,0.029358,0.333333,5,0.795455,0.028571,1
26306,0.791429,0.230704,0.8,5,54,4,4,3.5,1,4,0.707107,4.148148,1.12279,2,0,1,135,0.784733,0.018482,0.769231,8,0.833333,0.018182,1
1988,0.613636,0.491981,0.181818,11,415,5,6,5,0,4.909091,0.301511,4.539759,0.888866,5,2,3,206,0.776895,0.047749,0.384615,2,0.772727,0.176471,1
6474,0.828588,0.312393,0.641304,92,431,5,4,4.25,0.957427,4.01087,1.208892,4.322506,1.038975,2,0,1,818,0.782962,0.025109,0.576923,5,0.780488,0.03125,1
5281,0.773943,0.17897,0.7,10,221,4,0,0,0,2.5,1.581139,4.190045,0.842124,0,0,0,227,0.796071,0.029377,0.3,6,0.840909,0.027027,1
3720,0.771098,0.317646,0.333333,84,117,3,4,3,1.154701,3.464286,1.216814,3.188034,1.413797,2,0,1,70,0.78,0.051282,0.285714,6,0.794872,0.064516,1
432,0.319298,0.451379,0.105263,19,251,2,7,2.714286,0.95119,4.052632,1.268143,4.039841,1.202666,5,0,2,89,0.790109,0.035115,0,1,0.909091,0.1,0
598,0.858333,0.189297,0.75,4,72,3,7,3.142857,0.690066,3.25,0.957427,4.138889,0.810243,5,2,3,128,0.783045,0.022119,0,6,0.785714,0.022727,1
457,0.692308,0,1,1,247,4,0,0,0,4,0,3.356275,1.329233,0,0,0,116,0.765038,0.03317,1,4,0.878788,0.103448,0
1838,0.580247,0.46656,0.111111,9,613,5,0,0,0,4.222222,1.092906,4.409462,0.937791,0,0,0,400,0.768884,0.019062,1,4,0.809524,0.088235,0
8763,0.448148,0.394092,0.555556,9,143,4,4,4,0,3.333333,1.322876,4.251748,1.003294,2,0,1,0,0,0,0,3,0.842105,0.125,0
127,0.848529,0.175903,0.5,12,259,5,0,0,0,3.583333,1.378954,3.899614,1.153676,0,0,0,77,0.775036,0.054307,0.5,3,0.84,0.142857,0
2172,0.946853,0.125243,0.454545,11,421,4,4,3.25,0.957427,4.181818,1.07872,3.472684,1.35131,2,0,1,277,0.779253,0.010117,0.4,7,0.864407,0,1
1997,0.902937,0.14286,1,13,1413,4,4,4.5,0.57735,4.153846,0.688737,3.501769,1.194666,2,0,1,107,0.770199,0.02861,0,2,0.826087,0.052632,1
3229,0.841204,0.109436,0.5,4,321,1,0,0,0,2.75,2.061553,3.327103,1.481821,0,0,0,144,0.766809,0.09323,1,1,0.909091,0.1,1
2412,0.8,0.2,1,3,86,4,4,4.25,0.5,3,1,3.686047,1.408058,2,0,1,143,0.787764,0.027804,0.428571,3,0.83871,0.038462,1
3706,0.759804,0.383676,0.470588,34,23,4,0,0,0,4.235294,0.854891,3.565217,1.160959,0,0,0,232,0.786183,0.026696,1,4,0.833333,0.12,1
4267,0.32,0.470865,0.066667,15,713,5,7,5,0,3.466667,1.505545,4.319776,1.035257,5,2,4,51,0.782135,0.033426,0,3,0.884615,0.130435,1
5919,0.76966,0.298248,0.558824,34,246,5,4,5,0,3.823529,0.999108,3.601626,1.207053,2,0,1,77,0.779167,0.035651,0,2,0.818182,0.055556,1
16904,0.877976,0.193613,0.5,8,9,5,0,0,0,3.75,0.886405,3,1.5,0,0,0,41,0.794944,0.04947,0,6,0.790698,0.029412,1
22832,0.690476,0.475595,0.285714,7,17,3,4,3,0,3.571429,0.9759,2.470588,1.419403,2,0,1,131,0.775338,0.018519,0.428571,2,0.95,0.105263,1
19625,0.885714,0.31443,0.3,10,25,4,6,4,0,3.3,0.674949,3.44,1.121011,5,0,3,44,0.790698,0.052288,0,2,0.933333,0.142857,1
1404,0.648602,0.443394,0.333333,27,285,4,4,3.5,0.57735,3.740741,0.902671,3.870175,1.198879,2,0,1,91,0.789035,0.033233,1,3,0.85,0.058824,1
127,0.571429,0,1,1,259,4,0,0,0,4,0,3.899614,1.153676,0,0,0,74,0.800591,0.053506,1,3,0.870968,0.074074,0
1349,0.301587,0.459838,0.111111,9,304,4,6,4.166667,0.408248,3.444444,0.881917,3.9375,1.250495,5,2,4,49,0.779126,0.034268,0,4,0.846154,0.181818,0
2894,0.79323,0.365919,0.318182,44,400,2,6,2.333333,1.032796,3.613636,1.204949,4.255,0.898328,5,2,4,142,0.78,0.047009,0,2,0.909091,0.1,1
258,0.596154,0,1,1,129,5,6,4.833333,0.408248,5,0,4.604651,0.860765,2,0,0,47,0.791574,0.033613,0,2,0.846154,0.090909,0
713,0.762745,0.152046,1,3,979,2,4,1.5,0.57735,4,1.732051,4.109295,1.069806,2,0,0,227,0.782303,0.036505,0,3,0.84375,0.037037,0
7751,0.866126,0.26886,0.428571,14,29,4,7,4.857143,0.377964,4.142857,0.534522,4.068966,1.279817,5,1,3,157,0.768437,0.041267,0.071429,4,0.857143,0.166667,1
28190,0.854658,0.205471,0.666667,39,12,4,4,4.25,0.5,3.897436,0.994587,3.833333,1.267304,2,0,1,372,0.787691,0.042617,0.090909,9,0.835821,0.160714,1
176,0.9375,0.088388,1,2,340,5,4,5,0,5,0,3.958824,1.096284,2,0,1,40,0.750649,0.024221,1,2,0.904762,0.157895,1
7614,0.819444,0.355854,0.285714,14,9,4,4,4.25,0.5,3.928571,0.615728,3.444444,1.013794,2,0,1,22,0.756477,0.027397,0,8,0.816327,0.15,1
7252,0.782889,0.368107,0.25641,39,11,4,4,4,0,3.333333,0.927173,3.818182,1.167748,2,0,1,55,0.773663,0.015957,0.5,2,0.888889,0.125,1
12109,0.773796,0.368099,0.274194,62,264,3,7,4,1,3.580645,1.017041,4.17803,0.936445,5,2,3,158,0.790247,0.024514,0,4,0.862069,0.04,0
2984,0.916667,0.166667,1,4,700,3,4,3.5,1.914854,4.25,0.957427,3.765714,1.194633,2,0,1,466,0.772409,0.056513,0.75,4,0.888889,0.03125,1
414,0.833333,0.235702,0.5,2,130,4,0,0,0,4.5,0.707107,4.407692,1.097539,2,0,0,146,0.786908,0.033628,0,2,0.888889,0.0625,0
225,0.847301,0.214288,1,4,244,5,0,0,0,5,0,3.577869,1.307655,0,0,0,52,0.787056,0.037135,0,2,0.866667,0.076923,1
1042,0.621935,0.37139,0.666667,9,1645,5,6,4.666667,0.516398,4,1.581139,4.06383,1.299049,5,2,4,205,0.759415,0.050333,0.2,4,0.791667,0.157895,1
9646,0.924615,0.129907,0.8,5,131,4,4,4.25,0.5,4.4,0.547723,3.458015,1.083155,2,0,1,0,0,0,0,2,0.842105,0.125,1
40,0.88339,0.212046,0.769231,26,534,4,0,0,0,3.961538,0.823688,3.945693,1.062251,0,0,0,0,0,0,0,5,0.763158,0,1
92,0.681818,0.459068,0.6,5,75,1,4,1.75,0.5,3.4,2.19089,4.026667,0.884909,2,0,1,223,0.798565,0.069503,0,5,0.861111,0.16129,0
28192,0.854658,0.205471,0.666667,39,1,1,0,0,0,3.897436,0.994587,1,0,0,0,0,102,0.775578,0.041135,0,7,0.838235,0.035088,0
13305,0.884944,0.276462,0.538462,13,20,4,6,4.333333,0.516398,4.307692,0.630425,4.8,0.410391,5,2,3,70,0.79052,0.030948,0,3,0.869565,0.05,1
11045,0.635159,0.455425,0.177778,45,93,3,0,0,0,3.555556,1.159066,3.946237,1.10695,2,0,0,61,0.783726,0.02459,0,2,0.9,0.111111,1
1243,0.898443,0.147475,0.588235,17,258,5,4,5,0,4.823529,0.392953,4.031008,1.250295,2,0,1,215,0.774396,0.02932,0.846154,5,0.77551,0.052632,1
2111,0.8,0.2,1,3,97,3,7,2.428571,0.9759,3,1,4.14433,1.14555,5,2,3,69,0.761832,0.034068,0,5,0.83871,0.153846,1
17530,0.185063,0.375154,0.028302,106,62,5,7,4.714286,0.48795,3.933962,1.213173,4.096774,0.970207,5,2,4,202,0.79825,0.021924,1,7,0.88,0.068182,1
1785,0.757875,0.260669,0.888889,9,477,5,6,5,0,3.777778,1.394433,3.360587,1.427505,5,2,4,294,0.780071,0.020356,0.3,3,0.857143,0.055556,0
75,0.714286,0,1,1,177,4,0,0,0,4,0,3.932203,1.063833,0,0,0,0,0,0,0,4,0.8,0.035714,0
310,0.855227,0.166327,0.692308,13,1047,5,0,0,0,4,0.816497,3.854823,1.200674,0,0,0,66,0.749071,0.039702,0,3,0.65625,0.142857,0
11455,0.616667,0.453201,0.142857,28,54,4,6,4.5,0.547723,4.142857,0.848279,4.018519,0.999825,5,2,2,157,0.775616,0.027592,0,4,0.78125,0.04,1
1240,0.637169,0.363912,0.444444,27,243,5,6,4.333333,0.516398,3,1.176697,3.938272,1.213005,5,0,3,131,0.780066,0.052798,0,6,0.848485,0.357143,1
5208,0.528373,0.445151,0.5,10,2843,5,0,0,0,3.7,1.337494,4.346113,1.084311,2,0,0,333,0.767029,0.056684,0.111111,2,0.909091,0.2,0
15142,0.629464,0.082075,1,2,160,4,0,0,0,2.5,2.12132,2.9375,1.311236,0,0,0,0,0,0,0,2,0.833333,0.133333,0
13236,0.777404,0.361669,0.29703,101,27,3,4,3,0,4.009901,0.921901,2.703704,1.137298,2,0,1,94,0.779882,0.034901,1,2,0.888889,0.0625,1
22766,0.727961,0.34742,0.471698,53,176,5,7,4.428571,0.786796,3.830189,1.236245,4.528409,0.777755,5,2,4,180,0.798731,0.035379,0,2,0.913043,0.142857,1
17334,0.810344,0.342194,0.5625,16,41,3,4,3,0.816497,4.125,0.5,3.390244,1.320569,2,0,0,224,0.774525,0.04244,0.055556,2,0.64,0.25,1
8209,0.753472,0.350975,0.625,16,463,5,4,4,0,4,0.816497,4.090713,1.034251,2,0,1,202,0.774914,0.036955,0,3,0.846154,0.227273,1
2409,0.615543,0.417037,0.368421,19,81,3,4,3.25,0.5,2.842105,1.213954,4.222222,0.851469,2,0,0,151,0.802416,0.028344,0.666667,6,0.791667,0.052632,0
19674,0.757395,0.404818,0.352941,34,149,4,0,0,0,3.676471,0.878035,3.744966,1.163373,0,0,0,66,0.7856,0.028513,0.5,3,0.875,0.071429,1
1961,0.586735,0.435391,0.428571,7,338,3,4,2.75,0.5,3.714286,1.112697,3.213018,1.273634,2,0,1,26,0.800847,0.042328,0.333333,2,0.888889,0.125,1
127,0.747024,0.291287,1,3,259,5,0,0,0,5,0,3.899614,1.153676,0,0,0,0,0,0,0,2,0.933333,0.142857,0
42,1,0,1,1,202,4,0,0,0,4,0,4.227723,1.068604,0,0,0,82,0.763441,0.039124,0,5,0.810811,0.033333,1
67,0.8,0,1,1,598,5,4,4.5,0.57735,5,0,3.553512,1.213953,2,0,1,71,0.766506,0.071429,0.5,2,0.8,0.1875,1
257,0.863636,0.192847,1,2,514,3,0,0,0,4,1.414214,3.367704,1.243701,0,0,0,269,0.761261,0.040344,0.272727,8,0.803279,0.020408,0
2779,0.75,0.353553,0.5,2,50,5,0,0,0,5,0,4.88,0.520596,0,0,0,70,0.776579,0.025794,0.2,3,0.888889,0.125,1
1722,0.824359,0.272148,0.575,40,87,5,0,0,0,3.475,1.03744,4.413793,1.073483,0,0,0,0,0,0,0,4,0.852941,0.034483,0
821,0.652778,0.472222,0.5,4,591,3,4,3.5,0.57735,4.25,0.957427,3.13198,1.272729,2,0,1,114,0.756436,0.037958,0,5,0.818182,0.185185,1
450,0.914201,0.166397,0.55,20,103,5,4,5,0,4.3,0.732695,4.174757,1.1152,2,0,1,48,0.788546,0.027933,0,4,0.833333,0.05,1
2541,0.631525,0.434626,0.321429,28,140,3,0,0,0,4,1.217161,3.578571,1.205908,0,0,0,214,0.77534,0.030323,0.142857,4,0.829268,0.147059,0
413,0.789125,0.268411,0.4,40,103,4,0,0,0,2.95,0.714322,3.31068,1.137844,0,0,0,0,0,0,0,4,0.738095,0.032258,0
21410,0.880896,0.241065,0.68,25,95,4,7,4.142857,0.690066,4.04,1.019804,4.210526,1.060858,5,2,4,220,0.791252,0.048367,0.090909,3,0.894737,0,1
1658,0.76448,0.358707,0.294118,17,251,4,7,3.857143,0.899735,4.235294,0.903425,3.175299,1.252656,5,2,3,202,0.781589,0.041697,1,7,0.810811,0.2,1
15470,0.653319,0.445557,0.222222,18,30,5,4,4.5,1,3.777778,1.003263,4.566667,0.971431,2,0,1,38,0.788571,0.014493,1,2,0.764706,0.076923,0
28,0.708333,0.058926,0.5,2,207,4,4,3.75,0.5,4,0,2.468599,1.302622,2,0,1,291,0.786401,0.025846,0.5,6,0.821429,0.108696,0
18616,0.772487,0.377321,0.5,12,48,5,6,4.833333,0.408248,4.333333,0.887625,4.166667,1.190983,5,2,4,210,0.798913,0.016698,0.75,3,0.857143,0.055556,1
6651,0.827778,0.149381,0.666667,3,166,4,0,0,0,4.333333,0.57735,3.048193,1.360959,0,0,0,86,0.781609,0.035948,0.5,2,0.764706,0.076923,1
12945,0.698336,0.361573,0.55,20,49,4,4,3.75,0.5,4,0.725476,4.44898,1.137637,2,0,1,0,0,0,0,5,0.836735,0.02439,0
25194,0.81914,0.336631,0.580247,81,20,3,0,0,0,3.555556,0.921954,3.7,1.174286,0,0,0,118,0.783915,0.033375,0.571429,4,0.75,0.037037,1
5764,0.753355,0.384564,0.363636,22,68,5,0,0,0,3.772727,1.109776,3.882353,0.8899,0,0,0,0,0,0,0,2,0.909091,0.2,1
376,0.673333,0.009428,1,2,353,5,4,4.75,0.5,5,0,3.898017,1.227443,2,0,1,47,0.79845,0.042071,0,3,0.913043,0.142857,0
16560,0.804167,0.321581,0.4,10,32,4,4,4,1.154701,3.4,1.429841,2.90625,1.201058,2,0,0,57,0.793621,0.047281,1,2,0.842105,0.0625,1
516,0.645161,0,1,1,28,4,4,3,0,4,0,3.178571,1.188013,2,0,1,22,0.804124,0.025641,0,2,0.95,0.052632,0
3102,0.828349,0.336463,0.291667,24,927,5,6,4.833333,0.408248,4.416667,0.974308,4.485437,0.909248,5,2,4,204,0.772517,0.037975,0.666667,4,0.862069,0.04,0
129,0.666667,0,1,1,222,4,0,0,0,4,0,3.234234,1.247295,0,0,0,64,0.793798,0.033203,0,2,0.833333,0.2,0
8570,1,0,0.5,4,297,5,4,5,0,4.25,0.957427,4.387205,0.822963,2,0,1,103,0.777207,0.025099,1,1,0.916667,0.090909,1
4320,0.836469,0.199371,0.952381,21,7,4,0,0,0,3.190476,1.364516,3.428571,0.9759,2,0,0,62,0.783734,0.025943,0,2,0.8,0.125,1
245,0.708333,0.058926,1,2,260,5,0,0,0,5,0,4.461538,0.821091,0,0,0,52,0.767544,0.091429,0.333333,2,0.772727,0.058824,0
7819,0.898175,0.164515,0.818182,22,285,5,6,4.666667,0.816497,3.590909,1.098011,4.301754,1.100655,3,2,3,487,0.768356,0.046239,0.793103,6,0.78,0.128205,1
19525,0.583333,0.496016,0.125,8,125,4,6,4.833333,0.408248,2.75,1.488048,4.504,0.972393,5,2,4,257,0.772633,0.026217,0.166667,7,0.851852,0.021739,1
24834,0.569155,0.48577,0.09375,32,106,4,6,4.333333,0.516398,3.625,1.157026,3.933962,0.988205,5,2,4,78,0.782313,0.046957,0,3,0.818182,0.055556,1
3520,0.475,0.340343,0.5,4,86,3,4,2.75,0.957427,3,0.816497,3.244186,1.273587,2,0,1,0,0,0,0,7,0.765957,0.055556,1
255,0.571429,0,1,1,281,2,0,0,0,2,0,3.24911,1.397143,0,0,0,77,0.805714,0.028369,0.333333,5,0.88,0.090909,0
1231,0.779184,0.258242,0.619048,21,214,1,4,2,0.816497,2.857143,1.352247,3.271028,1.457183,2,0,1,279,0.763578,0.046548,0.076923,9,0.75,0.083333,0
17447,0.676004,0.168541,1,3,18,3,0,0,0,2.666667,1.527525,1.833333,1.043185,0,0,0,48,0.768398,0.033803,0,2,0.894737,0.058824,1
11855,0.96131,0.082342,0.666667,12,111,4,6,4.666667,0.516398,3.666667,0.778499,4.459459,0.839738,5,0,3,119,0.780662,0.021789,0.333333,3,0.761905,0.0625,1
125,0.833333,0.235702,1,2,137,2,0,0,0,3.5,2.12132,3.416058,1.353874,0,0,0,0,0,0,0,1,0.777778,0.142857,1
24041,0.807941,0.324863,0.388889,18,26,5,0,0,0,4.611111,0.697802,4.076923,1.163549,0,0,0,93,0.757009,0.044753,0.333333,4,0.628571,0.181818,1
173,0.90974,0.114404,0.428571,7,2527,5,0,0,0,4.571429,0.534522,4.173724,1.171166,0,0,0,204,0.786059,0.030696,0.333333,2,0.875,0.142857,1
245,0.634921,0.383039,0.666667,9,260,5,0,0,0,3.555556,1.236033,4.461538,0.821091,0,0,0,68,0.790199,0.034884,0,3,0.782609,0.166667,0
